{
  "0": 893.1368131868137,
  "1": 965.0979201320147,
  "2": 1794.121666666666,
  "3": 1061.0,
  "4": 932.9230769230777,
  "5": 1973.1700000000003,
  "6": 1986.2266666666646,
  "7": 897.75,
  "8": 932.9230769230777,
  "9": 1140.344444444445
}