{
  "0": 904.4259639147073,
  "1": 983.9580645161295,
  "2": 1209.199999999998,
  "3": 842.7142857142856,
  "4": 983.9580645161295,
  "5": 1842.2583333333341,
  "6": 1623.063333333333,
  "7": 966.5659639147071,
  "8": 983.9580645161295,
  "9": 1010.9000000000003
}