{
  "0": 985.8070175438572,
  "1": 985.8070175438572,
  "2": 2106.5714285714325,
  "3": 985.8070175438572,
  "4": 974.7422303473527,
  "5": 1198.1428571428567,
  "6": 1471.2000000000075,
  "7": 985.8070175438572,
  "8": 985.8070175438572,
  "9": 1005.5
}